Workbook

Sheet Zaposleni
A1: ID | B1: Prezime | C1: Ime | D1: Pol | E1: e-mail adresa | F1: Nivo obrazovanja | G1: Godina zaposlenja | H1: Pozicija | I1: Odeljenje/tim | J1: Predviđeni iznos plate | K1: Prekovremeni rad | L1: Odobrena obustava | M1: Neto plata | N1: Datum isplate
A2: 466126 | B2: Anić | C2: Antonina | D2: ž | E2: ana@gmail.com | F2: 5 | G2: 44136 | H2: prodavac | I2: prodaja | J2: 2500 | K2: 400 | L2: =M2-J2-K2 -> -134 | M2: 2766 | N2: 45292
A3: 163043 | B3: Nikolić | C3: Nikša | D3: m | E3: nikola@gmail.com | F3: 6 | G3: 43406 | H3: menadžer | I3: menadžment | J3: 2500 | K3: 400 | L3: =M3-J3-K3 -> -269 | M3: 2631 | N3: 45293
A4: 688897 | B4: Ognjanović | C4: Jovan | D4: m | E4: ognjen@gmail.com | F4: 5 | G4: 41946 | H4: prodavac | I4: prodaja | J4: 3000 | K4: 300 | L4: =M4-J4-K4 -> -234 | M4: 3066 | N4: 45294
A5: 259126 | B5: Petrović | C5: Pavle | D5: m | E5: petar@gmail.com | F5: 6 | G5: 36834 | H5: menadžer | I5: menadžment | J5: 2500 | K5: 1000 | L5: =M5-J5-K5 -> 0 | M5: 3500 | N5: 45295
A6: 443480 | B6: Jovanović | C6: Jelica | D6: ž | E6: jovana@gmail.com | F6: 4 | G6: 37565 | H6: prodavac | I6: prodaja | J6: 4000 | K6: 400 | L6: =M6-J6-K6 -> -401 | M6: 3999 | N6: 45296
A7: 673597 | B7: Petrović | C7: Nataša | D7: ž | E7: natasa@gmail.com | F7: 6 | G7: 44141 | H7: HR stručnjak | I7: menadžment | J7: 2500 | K7: 0 | L7: =M7-J7-K7 -> -244 | M7: 2256 | N7: 45297
A8: 243994 | B8: Vučković | C8: Sanja | D8: ž | E8: sanja@gmail.com | F8: 5 | G8: 44142 | H8: prodavac | I8: prodaja | J8: 2500 | K8: 400 | L8: =M8-J8-K8 -> -79 | M8: 2821 | N8: 45298
A9: 675338 | B9: Jovanović | C9: Jelena | D9: ž | E9: jelena@gmail.com | F9: 6 | G9: 43047 | H9: marketing savetnik | I9: menadžment | J9: 2500 | K9: 200 | L9: =M9-J9-K9 -> -549 | M9: 2151 | N9: 45299
A10: 171444 | B10: Nenadović | C10: Novak | D10: m | E10: nenad@gmail.com | F10: 6 | G10: 44874 | H10: prodavac | I10: prodaja | J10: 2500 | K10: 0 | L10: =M10-J10-K10 -> -94 | M10: 2406 | N10: 45300
A11: 318820 | B11: Marković | C11: Vuk | D11: m | E11: marko@gmail.com | F11: 5 | G11: 44510 | H11: IT podrška | I11: IT | J11: 2500 | K11: 400 | L11: =M11-J11-K11 -> -427 | M11: 2473 | N11: 45301
A12: 867741 | B12: Ivanović | C12: Miloš | D12: m | E12: ivan@gmail.com | F12: 6 | G12: 44146 | H12: analitičar podataka | I12: IT | J12: 4000 | K12: 100 | L12: =M12-J12-K12 -> -956 | M12: 3144 | N12: 45302
A13: 550478 | B13: Andrić | C13: Tamara | D13: ž | E13: tamara@gmail.com | F13: 5 | G13: 37572 | H13: IT podrška | I13: IT | J13: 3800 | K13: 0 | L13: =M13-J13-K13 -> 0 | M13: 3800 | N13: 45303
... A16: 371111 | B16: Ilić | C16: Nina | D16: ž | E16: nina@gmail.com | F16: 7 | G16: 36834 | H16: generalni direktor | I16: menadžment | J16: 7000 | K16: 400 | L16: =M16-J16-K16 -> -989 | M16: 6411 | N16: 45292

Sheet Klijenti
A1: ID | B1: Klijenti | C1: Region | D1: Poslovanje | E1: Vreme osnivanja | F1: Godišnji prihod
A2: 108 | B2: Dom & Dekor | C2: Beogradski region | D2: maloprodaja | E2: 38294 | F2: 16006180
A3: 127 | B3: Luksuzni Dizajn | C3: Vojvodina | D3: maloprodaja | E3: 36620 | F3: 15172330
A4: 151 | B4: Estetski Kutak | C4: Srbija | D4: maloprodaja | E4: 36560 | F4: 11816270
A5: 152 | B5: Prostor za Uživanje | C5: Srbija | D5: maloprodaja | E5: 36467 | F5: 18063330
A6: 153 | B6: Udobni Kutak | C6: Južni region | D6: veleprodaja | E6: 33241 | F6: 17348560
A7: 157 | B7: Stilski Stan | C7: Vojvodina i Beograd | D7: maloprodaja | E7: 37199 | F7: 19179680
A8: 163 | B8: Sofistikacija Doma | C8: Šumadija | D8: maloprodaja | E8: 37504 | F8: 10288340
A9: 179 | B9: Elegantni Enterijeri | C9: Južni i Šumadijski region | D9: maloprodaja | E9: 38294 | F9: 17330920
A10: 186 | B10: Kuća- Uređenje i Dizajn | C10: Beogradski region | D10: maloprodaja | E10: 41126 | F10: 19003290
A11: 195 | B11: Moderni Dom | C11: Srbija | D11: veleprodaja | E11: 31813 | F11: 18198780

Sheet Proizvodi
A1: Šifra | B1: Kategorija | C1: Naziv proizvoda | D1: Proizvodna cena [€] | E1: Veleprodajna cena [€] | F1: Maloprodajna cena [€]
A2: KO-008 | B2: Nameštaj za dnevnu sobu | C2: Komoda | D2: 1640 | E2: 2083 | F2: 2333
A3: KO-014 | B3: Kuhinja | C3: Kuhinjsko ostrvo | D3: 1877 | E3: 2460 | F3: 2560
A4: KS-001 | B4: Nameštaj za dnevnu sobu | C4: Klub sto | D4: 1785 | E4: 2105 | F4: 2335
A5: NO-007 | B5: Nameštaj za spavaću sobu | C5: Noćni ormarić | D5: 960 | E5: 1129 | F5: 1500
A6: OT-004 | B6: Nameštaj za dnevnu sobu | C6: Ormarić za TV | D6: 2812 | E6: 3741 | F6: 3888
A7: OZ-011 | B7: Nameštaj za dnevnu sobu | C7: Ogledalo za zid | D7: 1001 | E7: 1543 | F7: 1763
A8: PK-010 | B8: Nameštaj za dnevnu sobu | C8: Polica za knjige | D8: 900 | E8: 1084 | F8: 1384
A9: RF-003 | B9: Nameštaj za dnevnu sobu | C9: Rasklopiva fotelja | D9: 984 | E9: 1731 | F9: 1931
A10: RS-009 | B10: Nameštaj za radnu sobu | C10: Radni sto | D10: 1513 | E10: 1930 | F10: 2000
A11: SF-005 | B11: Nameštaj za dnevnu sobu | C11: Sofa | D11: 2963 | E11: 3648 | F11: 3900
A12: SR-006 | B12: Trpezarija | C12: Stolica za ručavanje | D12: 1704 | E12: 2410 | F12: 2660
A13: TA-012 | B13: Nameštaj za dnevnu sobu | C13: Tabure | D13: 1942 | E13: 2595 | F13: 2900
... A15: VP-013 | B15: Kuhinja | C15: Viseća polica | D15: 1966 | E15: 2387 | F15: 2600

Sheet Prodaja
A1: ID klijenta | B1: Datum kupovine | C1: Prodavac | D1: Šifra proizvoda | E1: Broj komada proizvoda | F1: Broj fakture
A2: 195 | B2: 45307 | C2: 466126 | D2: OT-004 | E2: 29 | F2: SO45080
A3: 153 | B3: 45308 | C3: 443480 | D3: RS-009 | E3: 7 | F3: SO45079
A4: 153 | B4: 45361 | C4: 688897 | D4: RF-003 | E4: 12 | F4: SO45082
A5: 153 | B5: 45363 | C5: 688897 | D5: OZ-011 | E5: 34 | F5: MO45081
A6: 108 | B6: 45321 | C6: 466126 | D6: VP-013 | E6: 34 | F6: MO45083
A7: 151 | B7: 45336 | C7: 443480 | D7: OT-004 | E7: 41 | F7: SO45084
A8: 186 | B8: 45328 | C8: 243994 | D8: OZ-011 | E8: 26 | F8: MO45086
A9: 179 | B9: 45315 | C9: 243994 | D9: PK-010 | E9: 12 | F9: MO45085
A10: 151 | B10: 45328 | C10: 443480 | D10: KO-008 | E10: 49 | F10: SO45093
A11: 151 | B11: 45310 | C11: 443480 | D11: TA-012 | E11: 41 | F11: SO45090
A12: 163 | B12: 45347 | C12: 443480 | D12: KS-001 | E12: 36 | F12: SO45088
A13: 153 | B13: 45353 | C13: 688897 | D13: NO-007 | E13: 5 | F13: SO45092
... A297: 151 | B297: 45355 | C297: 443480 | D297: KO-008 | E297: 43 | F297: MO45461
E298: =SUBTOTAL(9,E2:E297) -> 7762

Sheet Prodaja 1
A1: ID klijenta | B1: Datum kupovine | C1: Prodavac | D1: Šifra proizvoda | E1: Broj komada proizvoda | F1: Broj fakture | G1: Kategorija | H1: Naziv proizvoda | I1: Prezime I ime prodavca | J1: Naziv klijenta | K1: Region | L1: obim prodaje
A2: 195 | B2: 45307 | C2: 466126 | D2: OT-004 | E2: 29 | F2: SO45080 | G2: =VLOOKUP(D2,Proizvodi!$A$1:$F$15,2,FALSE) -> Nameštaj za dnevnu sobu | H2: =VLOOKUP(D2,Proizvodi!$A$1:$F$15,3,FALSE) -> Ormarić za TV | I2: Anić Antonina | J2: =VLOOKUP(A2,Klijenti!$A$1:$F$11,2,FALSE) -> Moderni Dom | K2: =VLOOKUP(A2,Klijenti!$A$1:$F$11,3,FALSE) -> Srbija | L2: =SUM(Prodaja!E2:E297) -> 7762
A3: 153 | B3: 45308 | C3: 443480 | D3: RS-009 | E3: 7 | F3: SO45079 | G3: =VLOOKUP(D3,Proizvodi!$A$1:$F$15,2,FALSE) -> Nameštaj za radnu sobu | H3: =VLOOKUP(D3,Proizvodi!$A$1:$F$15,3,FALSE) -> Radni sto | I3: Jovanović Jelica | J3: =VLOOKUP(A3,Klijenti!$A$1:$F$11,2,FALSE) -> Udobni Kutak | K3: =VLOOKUP(A3,Klijenti!$A$1:$F$11,3,FALSE) -> Južni region
A4: 153 | B4: 45361 | C4: 688897 | D4: RF-003 | E4: 12 | F4: SO45082 | G4: =VLOOKUP(D4,Proizvodi!$A$1:$F$15,2,FALSE) -> Nameštaj za dnevnu sobu | H4: =VLOOKUP(D4,Proizvodi!$A$1:$F$15,3,FALSE) -> Rasklopiva fotelja | I4: Ognjanović Jovan | J4: =VLOOKUP(A4,Klijenti!$A$1:$F$11,2,FALSE) -> Udobni Kutak | K4: =VLOOKUP(A4,Klijenti!$A$1:$F$11,3,FALSE) -> Južni region
A5: 153 | B5: 45363 | C5: 688897 | D5: OZ-011 | E5: 34 | F5: MO45081 | G5: =VLOOKUP(D5,Proizvodi!$A$1:$F$15,2,FALSE) -> Nameštaj za dnevnu sobu | H5: =VLOOKUP(D5,Proizvodi!$A$1:$F$15,3,FALSE) -> Ogledalo za zid | I5: Ognjanović Jovan | J5: =VLOOKUP(A5,Klijenti!$A$1:$F$11,2,FALSE) -> Udobni Kutak | K5: =VLOOKUP(A5,Klijenti!$A$1:$F$11,3,FALSE) -> Južni region
A6: 108 | B6: 45321 | C6: 466126 | D6: VP-013 | E6: 34 | F6: MO45083 | G6: =VLOOKUP(D6,Proizvodi!$A$1:$F$15,2,FALSE) -> Kuhinja | H6: =VLOOKUP(D6,Proizvodi!$A$1:$F$15,3,FALSE) -> Viseća polica | I6: Anić Antonina | J6: =VLOOKUP(A6,Klijenti!$A$1:$F$11,2,FALSE) -> Dom & Dekor | K6: =VLOOKUP(A6,Klijenti!$A$1:$F$11,3,FALSE) -> Beogradski region
A7: 151 | B7: 45336 | C7: 443480 | D7: OT-004 | E7: 41 | F7: SO45084 | G7: =VLOOKUP(D7,Proizvodi!$A$1:$F$15,2,FALSE) -> Nameštaj za dnevnu sobu | H7: =VLOOKUP(D7,Proizvodi!$A$1:$F$15,3,FALSE) -> Ormarić za TV | I7: Jovanović Jelica | J7: =VLOOKUP(A7,Klijenti!$A$1:$F$11,2,FALSE) -> Estetski Kutak | K7: =VLOOKUP(A7,Klijenti!$A$1:$F$11,3,FALSE) -> Srbija
A8: 186 | B8: 45328 | C8: 243994 | D8: OZ-011 | E8: 26 | F8: MO45086 | G8: =VLOOKUP(D8,Proizvodi!$A$1:$F$15,2,FALSE) -> Nameštaj za dnevnu sobu | H8: =VLOOKUP(D8,Proizvodi!$A$1:$F$15,3,FALSE) -> Ogledalo za zid | I8: Vučković Sanja | J8: =VLOOKUP(A8,Klijenti!$A$1:$F$11,2,FALSE) -> Kuća- Uređenje i Dizajn | K8: =VLOOKUP(A8,Klijenti!$A$1:$F$11,3,FALSE) -> Beogradski region
A9: 179 | B9: 45315 | C9: 243994 | D9: PK-010 | E9: 12 | F9: MO45085 | G9: =VLOOKUP(D9,Proizvodi!$A$1:$F$15,2,FALSE) -> Nameštaj za dnevnu sobu | H9: =VLOOKUP(D9,Proizvodi!$A$1:$F$15,3,FALSE) -> Polica za knjige | I9: Vučković Sanja | J9: =VLOOKUP(A9,Klijenti!$A$1:$F$11,2,FALSE) -> Elegantni Enterijeri | K9: =VLOOKUP(A9,Klijenti!$A$1:$F$11,3,FALSE) -> Južni i Šumadijski region
A10: 151 | B10: 45328 | C10: 443480 | D10: KO-008 | E10: 49 | F10: SO45093 | G10: =VLOOKUP(D10,Proizvodi!$A$1:$F$15,2,FALSE) -> Nameštaj za dnevnu sobu | H10: =VLOOKUP(D10,Proizvodi!$A$1:$F$15,3,FALSE) -> Komoda | I10: Jovanović Jelica | J10: =VLOOKUP(A10,Klijenti!$A$1:$F$11,2,FALSE) -> Estetski Kutak | K10: =VLOOKUP(A10,Klijenti!$A$1:$F$11,3,FALSE) -> Srbija
A11: 151 | B11: 45310 | C11: 443480 | D11: TA-012 | E11: 41 | F11: SO45090 | G11: =VLOOKUP(D11,Proizvodi!$A$1:$F$15,2,FALSE) -> Nameštaj za dnevnu sobu | H11: =VLOOKUP(D11,Proizvodi!$A$1:$F$15,3,FALSE) -> Tabure | I11: Jovanović Jelica | J11: =VLOOKUP(A11,Klijenti!$A$1:$F$11,2,FALSE) -> Estetski Kutak | K11: =VLOOKUP(A11,Klijenti!$A$1:$F$11,3,FALSE) -> Srbija
A12: 163 | B12: 45347 | C12: 443480 | D12: KS-001 | E12: 36 | F12: SO45088 | G12: =VLOOKUP(D12,Proizvodi!$A$1:$F$15,2,FALSE) -> Nameštaj za dnevnu sobu | H12: =VLOOKUP(D12,Proizvodi!$A$1:$F$15,3,FALSE) -> Klub sto | I12: Jovanović Jelica | J12: =VLOOKUP(A12,Klijenti!$A$1:$F$11,2,FALSE) -> Sofistikacija Doma | K12: =VLOOKUP(A12,Klijenti!$A$1:$F$11,3,FALSE) -> Šumadija
A13: 153 | B13: 45353 | C13: 688897 | D13: NO-007 | E13: 5 | F13: SO45092 | G13: =VLOOKUP(D13,Proizvodi!$A$1:$F$15,2,FALSE) -> Nameštaj za spavaću sobu | H13: =VLOOKUP(D13,Proizvodi!$A$1:$F$15,3,FALSE) -> Noćni ormarić | I13: Ognjanović Jovan | J13: =VLOOKUP(A13,Klijenti!$A$1:$F$11,2,FALSE) -> Udobni Kutak | K13: =VLOOKUP(A13,Klijenti!$A$1:$F$11,3,FALSE) -> Južni region
A14: 151 | B14: 45301 | C14: 243994 | D14: PK-010 | E14: 33 | F14: SO45089 | G14: =VLOOKUP(D14,Proizvodi!$A$1:$F$15,2,FALSE) -> Nameštaj za dnevnu sobu | H14: =VLOOKUP(D14,Proizvodi!$A$1:$F$15,3,FALSE) -> Polica za knjige | I14: Vučković Sanja | J14: =VLOOKUP(A14,Klijenti!$A$1:$F$11,2,FALSE) -> Estetski Kutak | K14: =VLOOKUP(A14,Klijenti!$A$1:$F$11,3,FALSE) -> Srbija
... A297: 151 | B297: 45355 | C297: 443480 | D297: KO-008 | E297: 43 | F297: MO45461 | G297: =VLOOKUP(D297,Proizvodi!$A$1:$F$15,2,FALSE) -> Nameštaj za dnevnu sobu | H297: =VLOOKUP(D297,Proizvodi!$A$1:$F$15,3,FALSE) -> Komoda | I297: Jovanović Jelica | J297: =VLOOKUP(A297,Klijenti!$A$1:$F$11,2,FALSE) -> Estetski Kutak | K297: =VLOOKUP(A297,Klijenti!$A$1:$F$11,3,FALSE) -> Srbija

Sheet Zahtevi
A1: Instrukcije
A3: Kompanija Baobab ima sledećе ciljeve: | B3: Baobab ima sledeći cilj:
A5: Povećanje obima proizvodnje za 5% mesečno
A7: Preprocesiranje - priprema podataka
A8: 0. Kopirati radni list Prodaja i Kreirati Prodaja 1
A9: 1. Dodati kolone Kategorija i Naziv proizvoda u radni list Prodaja1
A10: 2. Dodati sledeće kolone u radni list Prodaja1: Prezime i Ime prodavca, Naziv klijenta i Region
A12: Zahtevi za domaći:
A14: Kreirati dashboard koji sadrži sledeće elemente:
A15: 1. | B15: Ukupan broj prodatih jedinica po mesecima;
A16: 2. | B16: Obim prodaje po regionima (broj prodatih jedinica);
A17: 3. | B17: Prosečan broj kupljenih proizvoda po porudžbini za svakog klijenta po mesecima;
A18: 4. | B18: Broj prodatih jedinica po kategoriji proizvoda za svakog prodavca.

Sheet zahtev1
A3: Row Labels | B3: Sum of Broj komada proizvoda
A4: Jan | B4: 2461
A5: Feb | B5: 2614
A6: Mar | B6: 2687
A7: Grand Total | B7: 7762

Sheet zahtev2
A3: Row Labels | B3: Sum of Broj komada proizvoda
A4: Beogradski region | B4: 0.20883793
A5: Južni i Šumadijski region | B5: 0.086189127
A6: Južni region | B6: 0.10435455
A7: Srbija | B7: 0.33483638
A8: Šumadija | B8: 0.10216439
A9: Vojvodina | B9: 0.093661427
A10: Vojvodina i Beograd | B10: 0.069956197
A11: Grand Total | B11: 1

Sheet zahtev3
A3: Average of Broj komada proizvoda | B3: Column Labels
A4: Row Labels | B4: Dom & Dekor | C4: Elegantni Enterijeri | D4: Estetski Kutak | E4: Kuća- Uređenje i Dizajn | F4: Luksuzni Dizajn | G4: Moderni Dom | H4: Prostor za Uživanje | I4: Sofistikacija Doma | J4: Stilski Stan | K4: Udobni Kutak | L4: Grand Total
A5: Jan | B5: 23.777778 | C5: 20 | D5: 27.307692 | E5: 31.272727 | F5: 35.4 | G5: 29.444444 | H5: 24.833333 | I5: 29.3 | J5: 18.363636 | K5: 26 | L5: 25.905263
A6: Feb | B6: 26.333333 | C6: 20.833333 | D6: 27.8 | E6: 33.4 | F6: 27.888889 | G6: 25.4 | H6: 31.8 | I6: 27.222222 | J6: 22.5 | K6: 29.125 | L6: 27.808511
A7: Mar | B7: 23.636364 | C7: 26.4 | D7: 25 | E7: 21.090909 | F7: 21.357143 | G7: 26.692308 | H7: 27.666667 | I7: 25.5 | J7: 26.833333 | K7: 28.214286 | L7: 25.11215
A8: Grand Total | B8: 24.517241 | C8: 22.3 | D8: 26.8125 | E8: 28.4375 | F8: 25.964286 | G8: 27.0625 | H8: 29.166667 | I8: 27.344828 | J8: 21.72 | K8: 27.931034 | L8: 26.222973

Sheet zahtev4
A3: Sum of Broj komada proizvoda | B3: Column Labels
A4: Row Labels | B4: Nameštaj za spavaću sobu | C4: Grand Total
A5: 171444 | B5: 69 | C5: 69
A6: 243994 | B6: 154 | C6: 154
A7: 443480 | B7: 84 | C7: 84
A8: 466126 | B8: 84 | C8: 84
A9: 688897 | B9: 67 | C9: 67
A10: Grand Total | B10: 458 | C10: 458

Sheet DASHBOARD
A1: Baobab Avenija- drvna industrija
A9: Ukupan obim prodaje: | I9: 7762

Sheet Ukupna prodaja po kateg.
A3: Sum of Broj komada proizvoda | B3: Column Labels
A4: Row Labels | B4: Kuhinja | C4: Nameštaj za dnevnu sobu | D4: Nameštaj za radnu sobu | E4: Nameštaj za spavaću sobu | F4: Trpezarija | G4: Grand Total
A5: 171444 | B5: 211 | C5: 956 | D5: 54 | E5: 69 | F5: 296 | G5: 1586
A6: 243994 | B6: 315 | C6: 776 | D6: 158 | E6: 154 | F6: 184 | G6: 1587
A7: 443480 | B7: 169 | C7: 1050 | D7: 115 | E7: 84 | F7: 173 | G7: 1591
A8: 466126 | B8: 226 | C8: 978 | D8: 95 | E8: 84 | F8: 220 | G8: 1603
A9: 688897 | B9: 270 | C9: 726 | D9: 186 | E9: 67 | F9: 146 | G9: 1395
A10: Grand Total | B10: 1191 | C10: 4486 | D10: 608 | E10: 458 | F10: 1019 | G10: 7762
